-- ============================================================
--  SmartCare HMS — Dummy Seed Data
--  PostgreSQL  |  Compatible with Spring Boot JPA schema
--  Team 2  |  Helwan University  |  2026
-- ============================================================
--
--  HOW TO USE:
--    Run this script AFTER the Spring Boot app has started at
--    least once (so Hibernate creates all tables via ddl-auto=update).
--
--  PASSWORD NOTE:
--    All dummy users share the password: SmartCare@2026
--    The BCrypt hash below ($2a$10$...) is a valid-format placeholder.
--    To generate a real working hash, register users via:
--      POST /api/auth/register
--    OR replace the hash with one generated by Spring's BCryptPasswordEncoder.
--
--  IDs:
--    Explicit IDs are inserted. After running this script, reset
--    sequences (statements at the bottom) so the app doesn't collide.
--
--  SCHEMA NOTE:
--    This targets the JPA-managed schema (ddl-auto=update), which
--    differs from the raw DDL file in some table/column names:
--      medical_record  (not medicalrecord)
--      drug_ingredients (not drug_details)
--      prescription_detail (not prescription_details)
-- ============================================================

BEGIN;

-- ============================================================
--  1. APP_USER
--     Roles stored as VARCHAR strings: ADMIN, DOCTOR, PATIENT
-- ============================================================

INSERT INTO app_user (user_id, name, email, password, role, phone_number, is_active, created_at) VALUES
-- ADMIN (skip if already seeded by DataSeeder)
(1,  'System Admin',    'admin@smartcare.com',    '$2a$10$Dc8K1p.a0dhrxSd0.qqB4fTe0tFQkMvJiBPLz6Bni.8Hn1uS2y3HF', 'ADMIN',   '+201000000001', true, '2026-01-01 08:00:00'),

-- DOCTORS
(2,  'Ahmed Hassan',    'ahmed.hassan@smartcare.com',   '$    `    2a$10$Dc8K1p.a0dhrxSd0.qqB4fTe0tFQkMvJiBPLz6Bni.8Hn1uS2y3HF', 'DOCTOR',  '+201011111001', true, '2026-01-05 09:00:00'),
(3,  'Sara Khalil',     'sara.khalil@smartcare.com',    '$2a$10$Dc8K1p.a0dhrxSd0.qqB4fTe0tFQkMvJiBPLz6Bni.8Hn1uS2y3HF', 'DOCTOR',  '+201011111002', true, '2026-01-05 09:15:00'),
(4,  'Mohamed Ali',     'mohamed.ali@smartcare.com',    '$2a$10$Dc8K1p.a0dhrxSd0.qqB4fTe0tFQkMvJiBPLz6Bni.8Hn1uS2y3HF', 'DOCTOR',  '+201011111003', true, '2026-01-06 09:00:00'),
(5,  'Nour Ibrahim',    'nour.ibrahim@smartcare.com',   '$2a$10$Dc8K1p.a0dhrxSd0.qqB4fTe0tFQkMvJiBPLz6Bni.8Hn1uS2y3HF', 'DOCTOR',  '+201011111004', true, '2026-01-06 09:30:00'),
(6,  'Layla Mostafa',   'layla.mostafa@smartcare.com',  '$2a$10$Dc8K1p.a0dhrxSd0.qqB4fTe0tFQkMvJiBPLz6Bni.8Hn1uS2y3HF', 'DOCTOR',  '+201011111005', true, '2026-01-07 10:00:00'),

-- PATIENTS
(7,  'Karim Mahmoud',   'karim.mahmoud@mail.com',   '$2a$10$Dc8K1p.a0dhrxSd0.qqB4fTe0tFQkMvJiBPLz6Bni.8Hn1uS2y3HF', 'PATIENT', '+201022222001', true, '2026-01-10 10:00:00'),
(8,  'Fatima El-Sayed', 'fatima.elsayed@mail.com',  '$2a$10$Dc8K1p.a0dhrxSd0.qqB4fTe0tFQkMvJiBPLz6Bni.8Hn1uS2y3HF', 'PATIENT', '+201022222002', true, '2026-01-11 10:00:00'),
(9,  'Omar Sherif',     'omar.sherif@mail.com',     '$2a$10$Dc8K1p.a0dhrxSd0.qqB4fTe0tFQkMvJiBPLz6Bni.8Hn1uS2y3HF', 'PATIENT', '+201022222003', true, '2026-01-12 11:00:00'),
(10, 'Hana Adel',       'hana.adel@mail.com',       '$2a$10$Dc8K1p.a0dhrxSd0.qqB4fTe0tFQkMvJiBPLz6Bni.8Hn1uS2y3HF', 'PATIENT', '+201022222004', true, '2026-01-13 11:00:00'),
(11, 'Youssef Nabil',   'youssef.nabil@mail.com',   '$2a$10$Dc8K1p.a0dhrxSd0.qqB4fTe0tFQkMvJiBPLz6Bni.8Hn1uS2y3HF', 'PATIENT', '+201022222005', true, '2026-01-14 12:00:00'),
(12, 'Mariam Samir',    'mariam.samir@mail.com',    '$2a$10$Dc8K1p.a0dhrxSd0.qqB4fTe0tFQkMvJiBPLz6Bni.8Hn1uS2y3HF', 'PATIENT', '+201022222006', true, '2026-01-15 12:00:00'),
(13, 'Tarek Farouk',    'tarek.farouk@mail.com',    '$2a$10$Dc8K1p.a0dhrxSd0.qqB4fTe0tFQkMvJiBPLz6Bni.8Hn1uS2y3HF', 'PATIENT', '+201022222007', true, '2026-01-16 09:00:00'),
(14, 'Nadia Hassan',    'nadia.hassan@mail.com',    '$2a$10$Dc8K1p.a0dhrxSd0.qqB4fTe0tFQkMvJiBPLz6Bni.8Hn1uS2y3HF', 'PATIENT', '+201022222008', true, '2026-01-17 09:00:00'),
(15, 'Sameh Fathi',     'sameh.fathi@mail.com',     '$2a$10$Dc8K1p.a0dhrxSd0.qqB4fTe0tFQkMvJiBPLz6Bni.8Hn1uS2y3HF', 'PATIENT', '+201022222009', true, '2026-01-18 10:00:00'),
(16, 'Rania Gamal',     'rania.gamal@mail.com',     '$2a$10$Dc8K1p.a0dhrxSd0.qqB4fTe0tFQkMvJiBPLz6Bni.8Hn1uS2y3HF', 'PATIENT', '+201022222010', true, '2026-01-19 10:00:00')
ON CONFLICT (email) DO NOTHING;


-- ============================================================
--  2. DOCTOR PROFILES
--     doctor_id auto, user_id → app_user
-- ============================================================

INSERT INTO doctor (doctor_id, user_id, specialty, license_number) VALUES
(1, 2, 'Cardiology',    'LIC-2026-CARD-001'),
(2, 3, 'Neurology',     'LIC-2026-NEUR-002'),
(3, 4, 'Orthopedics',   'LIC-2026-ORTH-003'),
(4, 5, 'Pediatrics',    'LIC-2026-PEDI-004'),
(5, 6, 'Dermatology',   'LIC-2026-DERM-005')
ON CONFLICT DO NOTHING;


-- ============================================================
--  3. PATIENT PROFILES
--     patient_id auto, user_id → app_user
-- ============================================================

INSERT INTO patient (patient_id, user_id, date_of_birth, gender, address, blood_type) VALUES
(1,  7,  '1990-05-15', 'MALE',   '12 Nile St, Cairo, Egypt',              'A+'),
(2,  8,  '1985-11-23', 'FEMALE', '45 Al-Tahrir Sq, Cairo, Egypt',         'O+'),
(3,  9,  '1978-03-10', 'MALE',   '7 Ramses Ave, Cairo, Egypt',            'B-'),
(4,  10, '1995-07-29', 'FEMALE', '3 El-Haram Rd, Giza, Egypt',            'AB+'),
(5,  11, '2001-01-14', 'MALE',   '88 Port Said St, Alexandria, Egypt',    'A-'),
(6,  12, '1970-09-05', 'FEMALE', '22 Salah Salem Rd, Cairo, Egypt',       'O-'),
(7,  13, '1988-12-20', 'MALE',   '5 Corniche El-Nil, Cairo, Egypt',       'B+'),
(8,  14, '1993-04-17', 'FEMALE', '14 Sherif St, Cairo, Egypt',            'A+'),
(9,  15, '1975-08-31', 'MALE',   '60 Abbas El-Akkad, Cairo, Egypt',       'O+'),
(10, 16, '1998-02-28', 'FEMALE', '9 El-Thawra St, Heliopolis, Egypt',     'AB-')
ON CONFLICT DO NOTHING;


-- ============================================================
--  4. CLINICS
-- ============================================================

INSERT INTO clinic (clinic_id, type) VALUES
(1, 'Cardiology Clinic'),
(2, 'Neurology Clinic'),
(3, 'Orthopedics Clinic'),
(4, 'Pediatrics Clinic'),
(5, 'Dermatology Clinic')
ON CONFLICT DO NOTHING;


-- ============================================================
--  5. CLINIC RESERVATIONS  (doctor weekly schedules)
--     doctor_id → doctor(doctor_id)
--     day stored as VARCHAR day-name (e.g. SUNDAY, MONDAY...)
-- ============================================================

INSERT INTO clinic_reservation (reservation_id, clinic_id, doctor_id, day, start_hour, end_hour, max_patients) VALUES
-- Dr. Ahmed Hassan — Cardiology
(1,  1, 1, 'SUNDAY',    '09:00', '13:00', 20),
(2,  1, 1, 'MONDAY',    '09:00', '13:00', 20),
(3,  1, 1, 'TUESDAY',   '09:00', '13:00', 20),
(4,  1, 1, 'WEDNESDAY', '09:00', '13:00', 20),
-- Dr. Sara Khalil — Neurology
(5,  2, 2, 'SUNDAY',    '10:00', '14:00', 15),
(6,  2, 2, 'MONDAY',    '10:00', '14:00', 15),
(7,  2, 2, 'WEDNESDAY', '10:00', '14:00', 15),
-- Dr. Mohamed Ali — Orthopedics
(8,  3, 3, 'MONDAY',    '08:00', '12:00', 15),
(9,  3, 3, 'WEDNESDAY', '08:00', '12:00', 15),
(10, 3, 3, 'THURSDAY',  '08:00', '12:00', 15),
-- Dr. Nour Ibrahim — Pediatrics
(11, 4, 4, 'SUNDAY',    '09:00', '13:00', 25),
(12, 4, 4, 'TUESDAY',   '09:00', '13:00', 25),
(13, 4, 4, 'THURSDAY',  '09:00', '13:00', 25),
-- Dr. Layla Mostafa — Dermatology
(14, 5, 5, 'TUESDAY',   '11:00', '15:00', 18),
(15, 5, 5, 'WEDNESDAY', '11:00', '15:00', 18),
(16, 5, 5, 'THURSDAY',  '11:00', '15:00', 18)
ON CONFLICT DO NOTHING;


-- ============================================================
--  6. DRUGS
-- ============================================================

INSERT INTO drug (drug_id, drug_name) VALUES
(1,  'Aspirin'),
(2,  'Amoxicillin'),
(3,  'Lisinopril'),
(4,  'Metformin'),
(5,  'Omeprazole'),
(6,  'Atorvastatin'),
(7,  'Ibuprofen'),
(8,  'Paracetamol'),
(9,  'Metoprolol'),
(10, 'Cetirizine')
ON CONFLICT DO NOTHING;


-- ============================================================
--  7. DRUG INGREDIENTS
--     Table name: drug_ingredients (JPA @ElementCollection)
--     Columns: drug_id, ingredient
-- ============================================================

INSERT INTO drug_ingredients (drug_id, ingredient) VALUES
-- Aspirin
(1, 'Acetylsalicylic acid'),
-- Amoxicillin
(2, 'Amoxicillin trihydrate'),
(2, 'Magnesium stearate'),
-- Lisinopril
(3, 'Lisinopril dihydrate'),
(3, 'Calcium phosphate'),
-- Metformin
(4, 'Metformin hydrochloride'),
-- Omeprazole
(5, 'Omeprazole'),
(5, 'Sodium bicarbonate'),
-- Atorvastatin
(6, 'Atorvastatin calcium'),
(6, 'Microcrystalline cellulose'),
-- Ibuprofen
(7, 'Ibuprofen'),
(7, 'Colloidal silicon dioxide'),
-- Paracetamol
(8, 'Paracetamol'),
(8, 'Starch'),
-- Metoprolol
(9, 'Metoprolol tartrate'),
(9, 'Hydroxypropyl methylcellulose'),
-- Cetirizine
(10, 'Cetirizine hydrochloride'),
(10, 'Lactose monohydrate');


-- ============================================================
--  8. APPOINTMENTS
--     patient_id → patient(patient_id)
--     doctor_id  → doctor(doctor_id)
--     status: PENDING | CONFIRMED | CANCELLED | COMPLETED
-- ============================================================

INSERT INTO appointment (appointment_id, patient_id, doctor_id, date_time, status, notes, created_at) VALUES

-- ── COMPLETED appointments (10) ──────────────────────────────
(1,  1, 1, '2026-04-01 09:00:00', 'COMPLETED', 'Chest pain evaluation. ECG performed.',              '2026-03-25 10:00:00'),
(2,  2, 1, '2026-04-03 10:00:00', 'COMPLETED', 'Follow-up after cardiac stress test.',               '2026-03-28 09:00:00'),
(3,  3, 2, '2026-04-05 10:00:00', 'COMPLETED', 'Chronic migraine assessment.',                       '2026-03-30 11:00:00'),
(4,  4, 3, '2026-04-07 08:30:00', 'COMPLETED', 'Knee pain evaluation. X-ray ordered.',               '2026-04-01 08:00:00'),
(5,  5, 4, '2026-04-10 09:15:00', 'COMPLETED', 'Annual pediatric wellness check.',                   '2026-04-03 09:00:00'),
(6,  6, 5, '2026-04-12 11:00:00', 'COMPLETED', 'Eczema flare-up examination.',                       '2026-04-05 10:00:00'),
(7,  7, 1, '2026-04-15 09:30:00', 'COMPLETED', 'Hypertension follow-up, medication adjusted.',       '2026-04-08 09:00:00'),
(8,  8, 2, '2026-04-17 10:30:00', 'COMPLETED', 'Recurring headache assessment.',                     '2026-04-10 10:00:00'),
(9,  9, 3, '2026-04-20 08:00:00', 'COMPLETED', 'Lower back pain, physiotherapy recommended.',        '2026-04-13 08:30:00'),
(10, 10, 5, '2026-04-22 11:30:00', 'COMPLETED', 'Acne treatment follow-up, new cream prescribed.',  '2026-04-15 11:00:00'),

-- ── CANCELLED appointments (3) ───────────────────────────────
(11, 1, 2, '2026-04-08 10:00:00', 'CANCELLED', 'Patient requested cancellation.',                    '2026-04-02 09:00:00'),
(12, 3, 4, '2026-04-14 09:00:00', 'CANCELLED', 'Doctor unavailable due to emergency.',               '2026-04-07 08:00:00'),
(13, 5, 3, '2026-04-18 08:00:00', 'CANCELLED', 'Rescheduled to next available slot.',                '2026-04-11 09:00:00'),

-- ── PENDING / upcoming appointments (7) ──────────────────────
(14, 1, 1, '2026-05-10 09:00:00', 'PENDING',   'Monthly cardiac check-up.',                          '2026-05-01 09:00:00'),
(15, 2, 3, '2026-05-11 08:30:00', 'PENDING',   'Joint pain assessment — right shoulder.',            '2026-05-02 10:00:00'),
(16, 4, 2, '2026-05-12 10:00:00', 'PENDING',   'Neurological follow-up post-MRI.',                   '2026-05-03 09:00:00'),
(17, 6, 1, '2026-05-13 09:30:00', 'PENDING',   'Blood pressure monitoring visit.',                   '2026-05-04 08:30:00'),
(18, 7, 5, '2026-05-14 11:00:00', 'PENDING',   'Skin rash consultation.',                            '2026-05-05 10:00:00'),
(19, 9, 4, '2026-05-15 09:15:00', 'PENDING',   'Child wellness visit for son Khaled.',               '2026-05-06 09:00:00'),
(20, 10, 3, '2026-05-16 08:00:00', 'PENDING',  'Post-surgery follow-up — knee replacement.',        '2026-05-06 10:00:00')

ON CONFLICT DO NOTHING;


-- ============================================================
--  9. MEDICAL RECORDS
--     patient_id → patient(patient_id)
--     doctor_id  → doctor(doctor_id)
--     appointment_id → appointment(appointment_id)
-- ============================================================

INSERT INTO medical_record (record_id, patient_id, doctor_id, appointment_id, visit_date, diagnosis, notes, attached_document_url) VALUES
(1,  1, 1, 1,  '2026-04-01', 'Stable angina pectoris',
    'Patient presents with exertional chest pain radiating to left arm. ECG shows ST-segment changes. Prescribed nitrates and beta-blockers. Advised lifestyle modification.',
    NULL),
(2,  2, 1, 2,  '2026-04-03', 'Coronary artery disease — follow-up',
    'Post-stress test follow-up. No new ischemic changes. Continue Atorvastatin 40mg and Aspirin 75mg. Reassess in 3 months.',
    NULL),
(3,  3, 2, 3,  '2026-04-05', 'Chronic migraine with aura',
    'Migraines occurring 3-4 times per month. Prescribed Sumatriptan PRN and preventive Metoprolol 50mg daily. Avoid known triggers.',
    NULL),
(4,  4, 3, 4,  '2026-04-07', 'Medial meniscus tear — right knee',
    'Patient reports pain and swelling in right knee following sports injury. MRI confirms partial meniscus tear. Refer to physiotherapy. Consider surgical consult if no improvement in 6 weeks.',
    NULL),
(5,  5, 4, 5,  '2026-04-10', 'Healthy — routine pediatric check',
    'All developmental milestones on track. Weight and height within normal range. Vaccinations up to date. Advised healthy diet and physical activity.',
    NULL),
(6,  6, 5, 6,  '2026-04-12', 'Atopic dermatitis (eczema) — moderate',
    'Widespread eczema on arms and torso with secondary infection. Prescribed topical corticosteroid cream and antibiotic. Advise emollient use twice daily.',
    NULL),
(7,  7, 1, 7,  '2026-04-15', 'Essential hypertension — uncontrolled',
    'BP measured at 158/98 mmHg. Medication adherence discussed. Increased Lisinopril dose to 20mg. Low-sodium diet reinforced. Follow-up in 4 weeks.',
    NULL),
(8,  8, 2, 8,  '2026-04-17', 'Tension-type headache',
    'Frequent tension headaches linked to stress and poor posture. Prescribed Paracetamol 500mg PRN, recommended physiotherapy and stress management.',
    NULL),
(9,  9, 3, 9,  '2026-04-20', 'Lumbar disc herniation — L4/L5',
    'MRI confirms disc herniation at L4-L5 compressing right nerve root. Conservative management: physiotherapy, NSAIDs, core strengthening exercises.',
    NULL),
(10, 10, 5, 10, '2026-04-22', 'Acne vulgaris — moderate',
    'Moderate inflammatory acne on face and upper back. Previous topical treatment partially effective. Prescribed oral Doxycycline 100mg and topical retinoid. Review in 6 weeks.',
    NULL)

ON CONFLICT DO NOTHING;


-- ============================================================
--  10. PRESCRIPTIONS
--      record_id → medical_record(record_id)
-- ============================================================

INSERT INTO prescription (prescription_id, record_id, issue_date) VALUES
(1, 1,  '2026-04-01'),
(2, 2,  '2026-04-03'),
(3, 3,  '2026-04-05'),
(4, 4,  '2026-04-07'),
(5, 6,  '2026-04-12'),
(6, 7,  '2026-04-15'),
(7, 8,  '2026-04-17'),
(8, 9,  '2026-04-20')
ON CONFLICT DO NOTHING;


-- ============================================================
--  11. PRESCRIPTION DETAILS
--      prescription_id → prescription(prescription_id)
--      drug_id         → drug(drug_id)
-- ============================================================

INSERT INTO prescription_detail (detail_id, prescription_id, drug_id, dosage, frequency, duration) VALUES
-- Rx 1: Stable angina (Aspirin + Lisinopril + Atorvastatin)
(1,  1, 1, '75mg',   'Once daily',       '90 days'),
(2,  1, 3, '10mg',   'Once daily',       '90 days'),
(3,  1, 6, '20mg',   'Once at night',    '90 days'),

-- Rx 2: CAD follow-up (Aspirin + Atorvastatin + Metoprolol)
(4,  2, 1, '75mg',   'Once daily',       '90 days'),
(5,  2, 6, '40mg',   'Once at night',    '90 days'),
(6,  2, 9, '50mg',   'Once daily',       '90 days'),

-- Rx 3: Migraine (Ibuprofen + Metoprolol)
(7,  3, 7, '400mg',  'Every 6hrs PRN',   '14 days'),
(8,  3, 9, '50mg',   'Once daily',       '90 days'),

-- Rx 4: Knee pain (Ibuprofen + Paracetamol)
(9,  4, 7, '600mg',  'Three times daily with food', '21 days'),
(10, 4, 8, '500mg',  'Every 8hrs PRN',   '21 days'),

-- Rx 5: Eczema (Amoxicillin for secondary infection + Cetirizine for itch)
(11, 5, 2, '500mg',  'Three times daily', '7 days'),
(12, 5, 10,'10mg',   'Once daily at night','30 days'),

-- Rx 6: Hypertension (Lisinopril increased + Metoprolol)
(13, 6, 3, '20mg',   'Once daily',       '90 days'),
(14, 6, 9, '50mg',   'Twice daily',      '90 days'),

-- Rx 7: Tension headache (Paracetamol + Ibuprofen)
(15, 7, 8, '500mg',  'Every 6hrs PRN',   '30 days'),
(16, 7, 7, '400mg',  'Every 8hrs PRN',   '30 days'),

-- Rx 8: Lumbar disc (Ibuprofen + Omeprazole to protect stomach)
(17, 8, 7, '600mg',  'Three times daily with food', '14 days'),
(18, 8, 5, '20mg',   'Once before breakfast',       '14 days')

ON CONFLICT DO NOTHING;


-- ============================================================
--  12. INVOICES
--      appointment_id → appointment(appointment_id) — COMPLETED only
--      status: PENDING | PAID | REFUNDED
-- ============================================================

INSERT INTO invoice (invoice_id, appointment_id, issue_date, total_amount, status, created_at) VALUES
(1,  1,  '2026-04-01', 350.00, 'PAID',    '2026-04-01 10:30:00'),
(2,  2,  '2026-04-03', 250.00, 'PAID',    '2026-04-03 11:00:00'),
(3,  3,  '2026-04-05', 300.00, 'PAID',    '2026-04-05 11:30:00'),
(4,  4,  '2026-04-07', 500.00, 'PAID',    '2026-04-07 09:30:00'),
(5,  5,  '2026-04-10', 200.00, 'PAID',    '2026-04-10 10:00:00'),
(6,  6,  '2026-04-12', 275.00, 'PAID',    '2026-04-12 12:00:00'),
(7,  7,  '2026-04-15', 350.00, 'PAID',    '2026-04-15 10:30:00'),
(8,  8,  '2026-04-17', 280.00, 'PENDING', '2026-04-17 11:30:00'),
(9,  9,  '2026-04-20', 450.00, 'PENDING', '2026-04-20 09:00:00'),
(10, 10, '2026-04-22', 320.00, 'PENDING', '2026-04-22 12:30:00')
ON CONFLICT DO NOTHING;


-- ============================================================
--  13. PAYMENTS
--      invoice_id → invoice(invoice_id) — PAID invoices only
--      method: CARD | DIGITAL_WALLET | CASH
-- ============================================================

INSERT INTO payment (payment_id, invoice_id, payment_date, amount, method, receipt_pdf_url, created_at) VALUES
(1, 1, '2026-04-01 10:45:00', 350.00, 'CARD',           NULL, '2026-04-01 10:45:00'),
(2, 2, '2026-04-03 11:15:00', 250.00, 'DIGITAL_WALLET', NULL, '2026-04-03 11:15:00'),
(3, 3, '2026-04-05 11:45:00', 300.00, 'CASH',           NULL, '2026-04-05 11:45:00'),
(4, 4, '2026-04-07 09:45:00', 500.00, 'CARD',           NULL, '2026-04-07 09:45:00'),
(5, 5, '2026-04-10 10:30:00', 200.00, 'DIGITAL_WALLET', NULL, '2026-04-10 10:30:00'),
(6, 6, '2026-04-12 12:15:00', 275.00, 'CASH',           NULL, '2026-04-12 12:15:00'),
(7, 7, '2026-04-15 10:45:00', 350.00, 'CARD',           NULL, '2026-04-15 10:45:00')
ON CONFLICT DO NOTHING;


-- ============================================================
--  14. NOTIFICATIONS
--      user_id → app_user(user_id)
--      type:    APPOINTMENT | PRESCRIPTION | BILLING | SYSTEM_ERROR
--      channel: EMAIL | IN_APP
--      is_read: true (old) or false (new/unread)
-- ============================================================

INSERT INTO notification (notification_id, user_id, type, channel, message, is_read, sent_at) VALUES
-- Appointment notifications (patients)
(1,  7,  'APPOINTMENT',  'IN_APP', 'Your appointment with Dr. Ahmed Hassan on Apr 1 is confirmed.', true,  '2026-03-25 10:05:00'),
(2,  8,  'APPOINTMENT',  'IN_APP', 'Your appointment with Dr. Ahmed Hassan on Apr 3 is confirmed.', true,  '2026-03-28 09:05:00'),
(3,  9,  'APPOINTMENT',  'IN_APP', 'Your appointment with Dr. Sara Khalil on Apr 5 is confirmed.',  true,  '2026-03-30 11:05:00'),
(4,  10, 'APPOINTMENT',  'IN_APP', 'Your appointment with Dr. Mohamed Ali on Apr 7 is confirmed.',  true,  '2026-04-01 08:05:00'),
(5,  11, 'APPOINTMENT',  'IN_APP', 'Your appointment with Dr. Nour Ibrahim on Apr 10 is confirmed.', true, '2026-04-03 09:05:00'),
-- Cancellation notifications
(6,  7,  'APPOINTMENT',  'IN_APP', 'Your appointment with Dr. Sara Khalil on Apr 8 has been cancelled.', true, '2026-04-02 09:10:00'),
(7,  9,  'APPOINTMENT',  'IN_APP', 'Your appointment with Dr. Nour Ibrahim on Apr 14 has been cancelled.', true, '2026-04-07 08:10:00'),
-- Prescription notifications (patients)
(8,  7,  'PRESCRIPTION', 'IN_APP', 'Dr. Ahmed Hassan has issued a new prescription for you. Please review your medications.', true,  '2026-04-01 10:35:00'),
(9,  8,  'PRESCRIPTION', 'IN_APP', 'Dr. Ahmed Hassan has issued a new prescription for you. Please review your medications.', true,  '2026-04-03 11:05:00'),
(10, 9,  'PRESCRIPTION', 'IN_APP', 'Dr. Sara Khalil has issued a new prescription for you. Please review your medications.',  true,  '2026-04-05 11:35:00'),
-- Billing notifications (patients)
(11, 7,  'BILLING',      'IN_APP', 'Invoice #1 of $350.00 has been paid successfully. Thank you.',    true,  '2026-04-01 10:50:00'),
(12, 8,  'BILLING',      'IN_APP', 'Invoice #2 of $250.00 has been paid successfully. Thank you.',    true,  '2026-04-03 11:20:00'),
(13, 9,  'BILLING',      'IN_APP', 'Invoice #8 of $280.00 is pending payment. Please settle at your earliest convenience.', false, '2026-04-17 11:35:00'),
(14, 15, 'BILLING',      'IN_APP', 'Invoice #9 of $450.00 is pending payment. Please settle at your earliest convenience.', false, '2026-04-20 09:05:00'),
(15, 16, 'BILLING',      'IN_APP', 'Invoice #10 of $320.00 is pending payment. Please settle at your earliest convenience.', false, '2026-04-22 12:35:00'),
-- Doctor notifications
(16, 2,  'APPOINTMENT',  'IN_APP', 'You have a new appointment with Karim Mahmoud on May 10 at 09:00.', false, '2026-05-01 09:05:00'),
(17, 3,  'APPOINTMENT',  'IN_APP', 'You have a new appointment with Fatima El-Sayed on May 11 at 08:30.', false, '2026-05-02 10:05:00'),
-- System / admin notifications
(18, 1,  'SYSTEM_ERROR', 'IN_APP', 'Daily backup completed successfully at 02:00 AM.', true,  '2026-04-30 02:00:00'),
(19, 1,  'APPOINTMENT',  'IN_APP', '3 appointments are pending confirmation for today.', false, '2026-05-06 08:00:00'),
(20, 1,  'BILLING',      'IN_APP', 'Monthly revenue report: April 2026 total is $2,225.00.', false, '2026-05-01 09:00:00')

ON CONFLICT DO NOTHING;


-- ============================================================
--  15. RESET SEQUENCES
--     Advance all auto-increment sequences past the inserted IDs
--     so new rows created by the app don't collide.
-- ============================================================

SELECT setval(pg_get_serial_sequence('app_user',             'user_id'),           20,  true);
SELECT setval(pg_get_serial_sequence('doctor',               'doctor_id'),          5,  true);
SELECT setval(pg_get_serial_sequence('patient',              'patient_id'),        10,  true);
SELECT setval(pg_get_serial_sequence('clinic',               'clinic_id'),          5,  true);
SELECT setval(pg_get_serial_sequence('clinic_reservation',   'reservation_id'),    16,  true);
SELECT setval(pg_get_serial_sequence('drug',                 'drug_id'),           10,  true);
SELECT setval(pg_get_serial_sequence('appointment',          'appointment_id'),    20,  true);
SELECT setval(pg_get_serial_sequence('medical_record',       'record_id'),         10,  true);
SELECT setval(pg_get_serial_sequence('prescription',         'prescription_id'),    8,  true);
SELECT setval(pg_get_serial_sequence('prescription_detail',  'detail_id'),         18,  true);
SELECT setval(pg_get_serial_sequence('invoice',              'invoice_id'),        10,  true);
SELECT setval(pg_get_serial_sequence('payment',              'payment_id'),         7,  true);
SELECT setval(pg_get_serial_sequence('notification',         'notification_id'),   20,  true);

COMMIT;

-- ============================================================
--  SUMMARY
-- ============================================================
--
--  Inserted:
--    app_user           16  rows  (1 admin + 5 doctors + 10 patients)
--    doctor              5  rows
--    patient            10  rows
--    clinic              5  rows
--    clinic_reservation 16  rows  (weekly schedules for all doctors)
--    drug               10  rows
--    drug_ingredients   18  rows
--    appointment        20  rows  (10 completed, 3 cancelled, 7 pending)
--    medical_record     10  rows  (one per completed appointment)
--    prescription        8  rows
--    prescription_detail 18 rows
--    invoice            10  rows  (7 paid, 3 pending)
--    payment             7  rows  (for paid invoices)
--    notification       20  rows  (mix of read/unread)
--
--  Default login credentials:
--    Admin:   admin@smartcare.com   / admin123  (seeded by DataSeeder)
--    Doctors: ahmed.hassan@smartcare.com etc.
--    Patients: karim.mahmoud@mail.com etc.
--    Password for all dummy users: SmartCare@2026
--    ⚠ Replace BCrypt hashes with real encoded values for login to work.
--
-- ============================================================
